Workbook

Sheet Ringkasan
A1: Studi Kasus Excel: Payroll Oktober dan Slip Gaji Otomatis
A2: Latihan studi kasus dari kursus online (Mahir Lookup Excel), dikerjakan ulang di Excel dengan data yang sama.
A4: Brief (Bu Ratna, HR Manager): payroll Oktober harus siap tanggal 22 untuk dicek Pak Yosef.
A5: Daftar payroll baru berisi NIK. Lengkapi data karyawan dan semua komponen gaji dari tabel referensi.
A7: Komponen gaji dan sumbernya:
A8: • Nama, Divisi, Golongan: sheet 'Master Karyawan' (dicari dari NIK, exact match)
A9: • Gaji Pokok: sheet 'Tabel Golongan' (dicari dari Golongan, exact match)
A10: • Tunjangan Divisi: sheet 'Tabel Tunjangan' (dicari dari Divisi, exact match)
A11: • Tunjangan Masa Kerja: sheet 'Tabel Tier', tabel kiri (dicari dari Masa Kerja, approximate match)
A12: • Bonus KPI: Gaji Pokok × persentase dari sheet 'Tabel Tier', tabel kanan (dicari dari Skor KPI, approximate match)
A14: Permintaan lanjutan (Pak Yosef): template slip gaji di sheet 'Slip Gaji'. Cukup ketik NIK, semua komponen terisi sendiri.

Sheet Master Karyawan
A1: NIK | B1: Nama | C1: Divisi | D1: Golongan
A2: KLN-101 | B2: Andi Saputra | C2: Gudang | D2: II-A
A3: KLN-102 | B3: Bunga Lestari | C3: Finance | D3: III-A
A4: KLN-103 | B4: Cahyo Nugroho | C4: Operasional | D4: II-B
A5: KLN-104 | B5: Dina Marpaung | C5: Sales | D5: III-B
A6: KLN-106 | B6: Fitri Handayani | C6: HRD | D6: III-A
A7: KLN-108 | B7: Hana Wijaya | C7: IT | D7: IV-A
A8: KLN-109 | B8: Irfan Hakim | C8: Operasional | D8: III-B
A9: KLN-110 | B9: Juwita Siahaan | C9: Finance | D9: II-B
A10: KLN-111 | B10: Komang Adi Putra | C10: IT | D10: III-A
A11: KLN-112 | B11: Lukman Harahap | C11: Gudang | D11: II-A

Sheet Tabel Golongan
A1: Golongan | B1: Gaji Pokok (Rp)
A2: II-A | B2: 5900000
A3: II-B | B3: 6400000
A4: III-A | B4: 7600000
A5: III-B | B5: 8900000
A6: IV-A | B6: 12500000

Sheet Tabel Tunjangan
A1: Divisi | B1: Tunjangan (Rp)
A2: Finance | B2: 750000
A3: Gudang | B3: 600000
A4: HRD | B4: 700000
A5: IT | B5: 1100000
A6: Operasional | B6: 650000
A7: Sales | B7: 900000

Sheet Tabel Tier
A1: Masa Kerja Min (tahun) | B1: Tunjangan MK (Rp) | D1: Skor KPI Min | E1: Bonus (%)
A2: 0 | B2: 0 | D2: 0 | E2: 0
A3: 2 | B3: 250000 | D3: 60 | E3: 0.05
A4: 5 | B4: 500000 | D4: 75 | E4: 0.1
A5: 10 | B5: 1000000 | D5: 90 | E5: 0.15
A7: Kedua tabel diurutkan dari nilai terkecil, syarat untuk lookup approximate match.

Sheet Payroll Oktober
A1: NIK | B1: Nama | C1: Divisi | D1: Golongan | E1: Gaji Pokok (Rp) | F1: Tunjangan Divisi (Rp) | G1: Masa Kerja (tahun) | H1: Skor KPI | I1: Tunjangan MK (Rp) | J1: Bonus KPI (Rp)
A2: KLN-101 | B2: =_xlfn.XLOOKUP(A2, 'Master Karyawan'!$A$2:$A$11, 'Master Karyawan'!$B$2:$B$11) -> Andi Saputra | C2: =_xlfn.XLOOKUP(A2, 'Master Karyawan'!$A$2:$A$11, 'Master Karyawan'!$C$2:$C$11) -> Gudang | D2: =_xlfn.XLOOKUP(A2, 'Master Karyawan'!$A$2:$A$11, 'Master Karyawan'!$D$2:$D$11) -> II-A | E2: =_xlfn.XLOOKUP(D2, 'Tabel Golongan'!$A$2:$A$6, 'Tabel Golongan'!$B$2:$B$6) -> 5900000 | F2: =_xlfn.XLOOKUP(C2, 'Tabel Tunjangan'!$A$2:$A$7, 'Tabel Tunjangan'!$B$2:$B$7) -> 600000 | G2: 5 | H2: 78 | I2: =_xlfn.XLOOKUP(G2, 'Tabel Tier'!$A$2:$A$5, 'Tabel Tier'!$B$2:$B$5, , -1) -> 500000 | J2: =E2*_xlfn.XLOOKUP(H2, 'Tabel Tier'!$D$2:$D$5, 'Tabel Tier'!$E$2:$E$5, , -1) -> 590000
A3: KLN-102 | B3: =_xlfn.XLOOKUP(A3, 'Master Karyawan'!$A$2:$A$11, 'Master Karyawan'!$B$2:$B$11) -> Bunga Lestari | C3: =_xlfn.XLOOKUP(A3, 'Master Karyawan'!$A$2:$A$11, 'Master Karyawan'!$C$2:$C$11) -> Finance | D3: =_xlfn.XLOOKUP(A3, 'Master Karyawan'!$A$2:$A$11, 'Master Karyawan'!$D$2:$D$11) -> III-A | E3: =_xlfn.XLOOKUP(D3, 'Tabel Golongan'!$A$2:$A$6, 'Tabel Golongan'!$B$2:$B$6) -> 7600000 | F3: =_xlfn.XLOOKUP(C3, 'Tabel Tunjangan'!$A$2:$A$7, 'Tabel Tunjangan'!$B$2:$B$7) -> 750000 | G3: 9 | H3: 88 | I3: =_xlfn.XLOOKUP(G3, 'Tabel Tier'!$A$2:$A$5, 'Tabel Tier'!$B$2:$B$5, , -1) -> 500000 | J3: =E3*_xlfn.XLOOKUP(H3, 'Tabel Tier'!$D$2:$D$5, 'Tabel Tier'!$E$2:$E$5, , -1) -> 760000
A4: KLN-104 | B4: =_xlfn.XLOOKUP(A4, 'Master Karyawan'!$A$2:$A$11, 'Master Karyawan'!$B$2:$B$11) -> Dina Marpaung | C4: =_xlfn.XLOOKUP(A4, 'Master Karyawan'!$A$2:$A$11, 'Master Karyawan'!$C$2:$C$11) -> Sales | D4: =_xlfn.XLOOKUP(A4, 'Master Karyawan'!$A$2:$A$11, 'Master Karyawan'!$D$2:$D$11) -> III-B | E4: =_xlfn.XLOOKUP(D4, 'Tabel Golongan'!$A$2:$A$6, 'Tabel Golongan'!$B$2:$B$6) -> 8900000 | F4: =_xlfn.XLOOKUP(C4, 'Tabel Tunjangan'!$A$2:$A$7, 'Tabel Tunjangan'!$B$2:$B$7) -> 900000 | G4: 11 | H4: 93 | I4: =_xlfn.XLOOKUP(G4, 'Tabel Tier'!$A$2:$A$5, 'Tabel Tier'!$B$2:$B$5, , -1) -> 1000000 | J4: =E4*_xlfn.XLOOKUP(H4, 'Tabel Tier'!$D$2:$D$5, 'Tabel Tier'!$E$2:$E$5, , -1) -> 1335000
A5: KLN-108 | B5: =_xlfn.XLOOKUP(A5, 'Master Karyawan'!$A$2:$A$11, 'Master Karyawan'!$B$2:$B$11) -> Hana Wijaya | C5: =_xlfn.XLOOKUP(A5, 'Master Karyawan'!$A$2:$A$11, 'Master Karyawan'!$C$2:$C$11) -> IT | D5: =_xlfn.XLOOKUP(A5, 'Master Karyawan'!$A$2:$A$11, 'Master Karyawan'!$D$2:$D$11) -> IV-A | E5: =_xlfn.XLOOKUP(D5, 'Tabel Golongan'!$A$2:$A$6, 'Tabel Golongan'!$B$2:$B$6) -> 12500000 | F5: =_xlfn.XLOOKUP(C5, 'Tabel Tunjangan'!$A$2:$A$7, 'Tabel Tunjangan'!$B$2:$B$7) -> 1100000 | G5: 11 | H5: 90 | I5: =_xlfn.XLOOKUP(G5, 'Tabel Tier'!$A$2:$A$5, 'Tabel Tier'!$B$2:$B$5, , -1) -> 1000000 | J5: =E5*_xlfn.XLOOKUP(H5, 'Tabel Tier'!$D$2:$D$5, 'Tabel Tier'!$E$2:$E$5, , -1) -> 1875000
A6: KLN-109 | B6: =_xlfn.XLOOKUP(A6, 'Master Karyawan'!$A$2:$A$11, 'Master Karyawan'!$B$2:$B$11) -> Irfan Hakim | C6: =_xlfn.XLOOKUP(A6, 'Master Karyawan'!$A$2:$A$11, 'Master Karyawan'!$C$2:$C$11) -> Operasional | D6: =_xlfn.XLOOKUP(A6, 'Master Karyawan'!$A$2:$A$11, 'Master Karyawan'!$D$2:$D$11) -> III-B | E6: =_xlfn.XLOOKUP(D6, 'Tabel Golongan'!$A$2:$A$6, 'Tabel Golongan'!$B$2:$B$6) -> 8900000 | F6: =_xlfn.XLOOKUP(C6, 'Tabel Tunjangan'!$A$2:$A$7, 'Tabel Tunjangan'!$B$2:$B$7) -> 650000 | G6: 6 | H6: 76 | I6: =_xlfn.XLOOKUP(G6, 'Tabel Tier'!$A$2:$A$5, 'Tabel Tier'!$B$2:$B$5, , -1) -> 500000 | J6: =E6*_xlfn.XLOOKUP(H6, 'Tabel Tier'!$D$2:$D$5, 'Tabel Tier'!$E$2:$E$5, , -1) -> 890000
A7: KLN-112 | B7: =_xlfn.XLOOKUP(A7, 'Master Karyawan'!$A$2:$A$11, 'Master Karyawan'!$B$2:$B$11) -> Lukman Harahap | C7: =_xlfn.XLOOKUP(A7, 'Master Karyawan'!$A$2:$A$11, 'Master Karyawan'!$C$2:$C$11) -> Gudang | D7: =_xlfn.XLOOKUP(A7, 'Master Karyawan'!$A$2:$A$11, 'Master Karyawan'!$D$2:$D$11) -> II-A | E7: =_xlfn.XLOOKUP(D7, 'Tabel Golongan'!$A$2:$A$6, 'Tabel Golongan'!$B$2:$B$6) -> 5900000 | F7: =_xlfn.XLOOKUP(C7, 'Tabel Tunjangan'!$A$2:$A$7, 'Tabel Tunjangan'!$B$2:$B$7) -> 600000 | G7: 8 | H7: 60 | I7: =_xlfn.XLOOKUP(G7, 'Tabel Tier'!$A$2:$A$5, 'Tabel Tier'!$B$2:$B$5, , -1) -> 500000 | J7: =E7*_xlfn.XLOOKUP(H7, 'Tabel Tier'!$D$2:$D$5, 'Tabel Tier'!$E$2:$E$5, , -1) -> 295000

Sheet Slip Gaji
A1: SLIP GAJI OKTOBER 2026
A2: NIK | B2: KLN-111
A3: Nama | B3: =_xlfn.XLOOKUP(B2, 'Master Karyawan'!$A$2:$A$11, 'Master Karyawan'!$B$2:$B$11, "NIK tidak ditemukan") -> Komang Adi Putra
A4: Divisi | B4: =_xlfn.XLOOKUP(B2, 'Master Karyawan'!$A$2:$A$11, 'Master Karyawan'!$C$2:$C$11, "NIK tidak ditemukan") -> IT
A5: Golongan | B5: =_xlfn.XLOOKUP(B2, 'Master Karyawan'!$A$2:$A$11, 'Master Karyawan'!$D$2:$D$11, "NIK tidak ditemukan") -> III-A
A6: Gaji Pokok | B6: =_xlfn.XLOOKUP(B5, 'Tabel Golongan'!$A$2:$A$6, 'Tabel Golongan'!$B$2:$B$6, 0) -> 7600000
A7: Tunjangan Divisi | B7: =_xlfn.XLOOKUP(B4, 'Tabel Tunjangan'!$A$2:$A$7, 'Tabel Tunjangan'!$B$2:$B$7, 0) -> 1100000
A8: Total Gaji Tetap | B8: =B6+B7 -> 8700000
